modnames	curvetypes	aucs
Training_data	ROC	0.902620751833533
Training_data	PRC	0.356594761206616
Validation_data	ROC	0.894988829710465
Validation_data	PRC	0.449429032999149
