modnames	curvetypes	aucs
Training_data	ROC	0.921320727090496
Training_data	PRC	0.768136725078679
Validation_data	ROC	0.906850255483723
Validation_data	PRC	0.455357968862999
